{"epoch":0,"_wandb":{"runtime":97},"_runtime":97,"lr-AdamW":0.0003,"trainer/global_step":39,"_timestamp":1.762299672794231e+09,"_step":4,"train/loss_step":2318.82080078125}