{"lr-AdamW":0.0003,"trainer/global_step":1119,"_timestamp":1.7623025188562036e+09,"epoch":0,"train/loss_step":4737.9921875,"_runtime":2312,"_wandb":{"runtime":2312},"_step":112}