{"_runtime":45322,"val/loss_step":3680.3427734375,"_timestamp":1.7623569722615654e+09,"trainer/global_step":2859,"val/loss_epoch":1200.6278076171875,"_step":23145,"lr-AdamW":3.814149619390237e-05,"epoch":9,"train/loss_epoch":1184.33251953125,"train/loss_step":707.392822265625,"_wandb":{"runtime":45322}}