{"_runtime":63,"_step":1,"lr-AdamW":0.0003,"trainer/global_step":9,"_timestamp":1.762299010437073e+09,"train/loss_step":5374.43701171875,"epoch":0,"_wandb":{"runtime":63}}