{"_timestamp":1.7623044562243793e+09,"_step":1,"train/loss_step":7358.685546875,"epoch":0,"_wandb":{"runtime":519},"_runtime":519,"lr-AdamW":0.0003,"trainer/global_step":9}